NodeSource,NodeDestination,Frequency,SubCarrier Power dBm,SubCarrier Power dBm Offset,Meas Rx Power dBm,Calc Rx Power dBm,Relative Power
00:09:8b:02:5a:c2,00:09:8b:02:58:ba,1450195312.5,-47,-47,-23.180988565890264,-23,30
00:09:8b:02:5a:c2,00:09:8b:02:58:ba,1450390625,-47,-47,-23.180988565890264,-23,30
00:09:8b:02:5a:c2,00:09:8b:02:58:ba,1450585937.5,-47,-47,-23.180988565890264,-23,30
00:09:8b:02:5a:c2,00:09:8b:02:58:ba,1450781250,-47,-47,-23.180988565890264,-23,30
00:09:8b:02:5a:c2,00:09:8b:02:58:ba,1450976562.5,-46,-46,-23.180988565890264,-23,30
00:09:8b:02:5a:c2,00:09:8b:02:58:ba,1451171875,-46,-46,-23.180988565890264,-23,30
00:09:8b:02:5a:c2,00:09:8b:02:58:ba,1451367187.5,-45,-45,-23.180988565890264,-23,30
00:09:8b:02:5a:c2,00:09:8b:02:58:ba,1451562500,-45,-45,-23.180988565890264,-23,30
00:09:8b:02:5a:c2,00:09:8b:02:58:ba,1451757812.5,-43,-43,-23.180988565890264,-23,30
00:09:8b:02:5a:c2,00:09:8b:02:58:ba,1451953125,-42,-42,-23.180988565890264,-23,30
00:09:8b:02:5a:c2,00:09:8b:02:58:ba,1452148437.5,-42,-42,-23.180988565890264,-23,30
00:09:8b:02:5a:c2,00:09:8b:02:58:ba,1452343750,-38,-38,-23.180988565890264,-23,30
00:09:8b:02:5a:c2,00:09:8b:02:58:ba,1452539062.5,-33,-33,-23.180988565890264,-23,30
00:09:8b:02:5a:c2,00:09:8b:02:58:ba,1452734375,-28,-28,-23.180988565890264,-23,30
00:09:8b:02:5a:c2,00:09:8b:02:58:ba,1452929687.5,-27,-27,-23.180988565890264,-23,30
00:09:8b:02:5a:c2,00:09:8b:02:58:ba,1453125000,-27,-27,-23.180988565890264,-23,30
00:09:8b:02:5a:c2,00:09:8b:02:58:ba,1453320312.5,-27,-27,-23.180988565890264,-23,30
00:09:8b:02:5a:c2,00:09:8b:02:58:ba,1453515625,-26,-26,-23.180988565890264,-23,30
00:09:8b:02:5a:c2,00:09:8b:02:58:ba,1453710937.5,-27,-27,-23.180988565890264,-23,30
00:09:8b:02:5a:c2,00:09:8b:02:58:ba,1453906250,-27,-27,-23.180988565890264,-23,30
00:09:8b:02:5a:c2,00:09:8b:02:58:ba,1454101562.5,-26,-26,-23.180988565890264,-23,30
00:09:8b:02:5a:c2,00:09:8b:02:58:ba,1454296875,-26,-26,-23.180988565890264,-23,30
00:09:8b:02:5a:c2,00:09:8b:02:58:ba,1454492187.5,-28,-28,-23.180988565890264,-23,30
00:09:8b:02:5a:c2,00:09:8b:02:58:ba,1454687500,-25,-25,-23.180988565890264,-23,30
00:09:8b:02:5a:c2,00:09:8b:02:58:ba,1454882812.5,-26,-26,-23.180988565890264,-23,30
00:09:8b:02:5a:c2,00:09:8b:02:58:ba,1455078125,-26,-26,-23.180988565890264,-23,30
00:09:8b:02:5a:c2,00:09:8b:02:58:ba,1455273437.5,-26,-26,-23.180988565890264,-23,30
00:09:8b:02:5a:c2,00:09:8b:02:58:ba,1455468750,-26,-26,-23.180988565890264,-23,30
00:09:8b:02:5a:c2,00:09:8b:02:58:ba,1455664062.5,-27,-27,-23.180988565890264,-23,30
00:09:8b:02:5a:c2,00:09:8b:02:58:ba,1455859375,-29,-29,-23.180988565890264,-23,30
00:09:8b:02:5a:c2,00:09:8b:02:58:ba,1456054687.5,-28,-28,-23.180988565890264,-23,30
00:09:8b:02:5a:c2,00:09:8b:02:58:ba,1456250000,-26,-26,-23.180988565890264,-23,30
00:09:8b:02:5a:c2,00:09:8b:02:58:ba,1456445312.5,-26,-26,-23.180988565890264,-23,30
00:09:8b:02:5a:c2,00:09:8b:02:58:ba,1456640625,-26,-26,-23.180988565890264,-23,30
00:09:8b:02:5a:c2,00:09:8b:02:58:ba,1456835937.5,-26,-26,-23.180988565890264,-23,30
00:09:8b:02:5a:c2,00:09:8b:02:58:ba,1457031250,-26,-26,-23.180988565890264,-23,30
00:09:8b:02:5a:c2,00:09:8b:02:58:ba,1457226562.5,-27,-27,-23.180988565890264,-23,30
00:09:8b:02:5a:c2,00:09:8b:02:58:ba,1457421875,-26,-26,-23.180988565890264,-23,30
00:09:8b:02:5a:c2,00:09:8b:02:58:ba,1457617187.5,-26,-26,-23.180988565890264,-23,30
00:09:8b:02:5a:c2,00:09:8b:02:58:ba,1457812500,-25,-25,-23.180988565890264,-23,30
00:09:8b:02:5a:c2,00:09:8b:02:58:ba,1458007812.5,-25,-25,-23.180988565890264,-23,30
00:09:8b:02:5a:c2,00:09:8b:02:58:ba,1458203125,-26,-26,-23.180988565890264,-23,30
00:09:8b:02:5a:c2,00:09:8b:02:58:ba,1458398437.5,-26,-26,-23.180988565890264,-23,30
00:09:8b:02:5a:c2,00:09:8b:02:58:ba,1458593750,-26,-26,-23.180988565890264,-23,30
00:09:8b:02:5a:c2,00:09:8b:02:58:ba,1458789062.5,-24,-24,-23.180988565890264,-23,30
00:09:8b:02:5a:c2,00:09:8b:02:58:ba,1458984375,-26,-26,-23.180988565890264,-23,30
00:09:8b:02:5a:c2,00:09:8b:02:58:ba,1459179687.5,-24,-24,-23.180988565890264,-23,30
00:09:8b:02:5a:c2,00:09:8b:02:58:ba,1459375000,-25,-25,-23.180988565890264,-23,30
00:09:8b:02:5a:c2,00:09:8b:02:58:ba,1459570312.5,-27,-27,-23.180988565890264,-23,30
00:09:8b:02:5a:c2,00:09:8b:02:58:ba,1459765625,-25,-25,-23.180988565890264,-23,30
00:09:8b:02:5a:c2,00:09:8b:02:58:ba,1459960937.5,-24,-24,-23.180988565890264,-23,30
00:09:8b:02:5a:c2,00:09:8b:02:58:ba,1460156250,-25,-25,-23.180988565890264,-23,30
00:09:8b:02:5a:c2,00:09:8b:02:58:ba,1460351562.5,-26,-26,-23.180988565890264,-23,30
00:09:8b:02:5a:c2,00:09:8b:02:58:ba,1460546875,-25,-25,-23.180988565890264,-23,30
00:09:8b:02:5a:c2,00:09:8b:02:58:ba,1460742187.5,-26,-26,-23.180988565890264,-23,30
00:09:8b:02:5a:c2,00:09:8b:02:58:ba,1460937500,-26,-26,-23.180988565890264,-23,30
00:09:8b:02:5a:c2,00:09:8b:02:58:ba,1461132812.5,-26,-26,-23.180988565890264,-23,30
00:09:8b:02:5a:c2,00:09:8b:02:58:ba,1461328125,-26,-26,-23.180988565890264,-23,30
00:09:8b:02:5a:c2,00:09:8b:02:58:ba,1461523437.5,-25,-25,-23.180988565890264,-23,30
00:09:8b:02:5a:c2,00:09:8b:02:58:ba,1461718750,-25,-25,-23.180988565890264,-23,30
00:09:8b:02:5a:c2,00:09:8b:02:58:ba,1461914062.5,-25,-25,-23.180988565890264,-23,30
00:09:8b:02:5a:c2,00:09:8b:02:58:ba,1462109375,-25,-25,-23.180988565890264,-23,30
00:09:8b:02:5a:c2,00:09:8b:02:58:ba,1462304687.5,-27,-27,-23.180988565890264,-23,30
00:09:8b:02:5a:c2,00:09:8b:02:58:ba,1462500000,-26,-26,-23.180988565890264,-23,30
00:09:8b:02:5a:c2,00:09:8b:02:58:ba,1462695312.5,-27,-27,-23.180988565890264,-23,30
00:09:8b:02:5a:c2,00:09:8b:02:58:ba,1462890625,-26,-26,-23.180988565890264,-23,30
00:09:8b:02:5a:c2,00:09:8b:02:58:ba,1463085937.5,-26,-26,-23.180988565890264,-23,30
00:09:8b:02:5a:c2,00:09:8b:02:58:ba,1463281250,-26,-26,-23.180988565890264,-23,30
00:09:8b:02:5a:c2,00:09:8b:02:58:ba,1463476562.5,-26,-26,-23.180988565890264,-23,30
00:09:8b:02:5a:c2,00:09:8b:02:58:ba,1463671875,-26,-26,-23.180988565890264,-23,30
00:09:8b:02:5a:c2,00:09:8b:02:58:ba,1463867187.5,-27,-27,-23.180988565890264,-23,30
00:09:8b:02:5a:c2,00:09:8b:02:58:ba,1464062500,-26,-26,-23.180988565890264,-23,30
00:09:8b:02:5a:c2,00:09:8b:02:58:ba,1464257812.5,-26,-26,-23.180988565890264,-23,30
00:09:8b:02:5a:c2,00:09:8b:02:58:ba,1464453125,-27,-27,-23.180988565890264,-23,30
00:09:8b:02:5a:c2,00:09:8b:02:58:ba,1464648437.5,-27,-27,-23.180988565890264,-23,30
00:09:8b:02:5a:c2,00:09:8b:02:58:ba,1464843750,-27,-27,-23.180988565890264,-23,30
00:09:8b:02:5a:c2,00:09:8b:02:58:ba,1465039062.5,-27,-27,-23.180988565890264,-23,30
00:09:8b:02:5a:c2,00:09:8b:02:58:ba,1465234375,-26,-26,-23.180988565890264,-23,30
00:09:8b:02:5a:c2,00:09:8b:02:58:ba,1465429687.5,-26,-26,-23.180988565890264,-23,30
00:09:8b:02:5a:c2,00:09:8b:02:58:ba,1465625000,-27,-27,-23.180988565890264,-23,30
00:09:8b:02:5a:c2,00:09:8b:02:58:ba,1465820312.5,-27,-27,-23.180988565890264,-23,30
00:09:8b:02:5a:c2,00:09:8b:02:58:ba,1466015625,-27,-27,-23.180988565890264,-23,30
00:09:8b:02:5a:c2,00:09:8b:02:58:ba,1466210937.5,-27,-27,-23.180988565890264,-23,30
00:09:8b:02:5a:c2,00:09:8b:02:58:ba,1466406250,-27,-27,-23.180988565890264,-23,30
00:09:8b:02:5a:c2,00:09:8b:02:58:ba,1466601562.5,-28,-28,-23.180988565890264,-23,30
00:09:8b:02:5a:c2,00:09:8b:02:58:ba,1466796875,-27,-27,-23.180988565890264,-23,30
00:09:8b:02:5a:c2,00:09:8b:02:58:ba,1466992187.5,-28,-28,-23.180988565890264,-23,30
00:09:8b:02:5a:c2,00:09:8b:02:58:ba,1467187500,-28,-28,-23.180988565890264,-23,30
00:09:8b:02:5a:c2,00:09:8b:02:58:ba,1467382812.5,-27,-27,-23.180988565890264,-23,30
00:09:8b:02:5a:c2,00:09:8b:02:58:ba,1467578125,-27,-27,-23.180988565890264,-23,30
00:09:8b:02:5a:c2,00:09:8b:02:58:ba,1467773437.5,-28,-28,-23.180988565890264,-23,30
00:09:8b:02:5a:c2,00:09:8b:02:58:ba,1467968750,-27,-27,-23.180988565890264,-23,30
00:09:8b:02:5a:c2,00:09:8b:02:58:ba,1468164062.5,-27,-27,-23.180988565890264,-23,30
00:09:8b:02:5a:c2,00:09:8b:02:58:ba,1468359375,-28,-28,-23.180988565890264,-23,30
00:09:8b:02:5a:c2,00:09:8b:02:58:ba,1468554687.5,-28,-28,-23.180988565890264,-23,30
00:09:8b:02:5a:c2,00:09:8b:02:58:ba,1468750000,-29,-29,-23.180988565890264,-23,30
00:09:8b:02:5a:c2,00:09:8b:02:58:ba,1468945312.5,-28,-28,-23.180988565890264,-23,30
00:09:8b:02:5a:c2,00:09:8b:02:58:ba,1469140625,-28,-28,-23.180988565890264,-23,30
00:09:8b:02:5a:c2,00:09:8b:02:58:ba,1469335937.5,-27,-27,-23.180988565890264,-23,30
00:09:8b:02:5a:c2,00:09:8b:02:58:ba,1469531250,-28,-28,-23.180988565890264,-23,30
00:09:8b:02:5a:c2,00:09:8b:02:58:ba,1469726562.5,-26,-26,-23.180988565890264,-23,30
00:09:8b:02:5a:c2,00:09:8b:02:58:ba,1469921875,-27,-27,-23.180988565890264,-23,30
00:09:8b:02:5a:c2,00:09:8b:02:58:ba,1470117187.5,-28,-28,-23.180988565890264,-23,30
00:09:8b:02:5a:c2,00:09:8b:02:58:ba,1470312500,-27,-27,-23.180988565890264,-23,30
00:09:8b:02:5a:c2,00:09:8b:02:58:ba,1470507812.5,-28,-28,-23.180988565890264,-23,30
00:09:8b:02:5a:c2,00:09:8b:02:58:ba,1470703125,-27,-27,-23.180988565890264,-23,30
00:09:8b:02:5a:c2,00:09:8b:02:58:ba,1470898437.5,-27,-27,-23.180988565890264,-23,30
00:09:8b:02:5a:c2,00:09:8b:02:58:ba,1471093750,-26,-26,-23.180988565890264,-23,30
00:09:8b:02:5a:c2,00:09:8b:02:58:ba,1471289062.5,-27,-27,-23.180988565890264,-23,30
00:09:8b:02:5a:c2,00:09:8b:02:58:ba,1471484375,-27,-27,-23.180988565890264,-23,30
00:09:8b:02:5a:c2,00:09:8b:02:58:ba,1471679687.5,-28,-28,-23.180988565890264,-23,30
00:09:8b:02:5a:c2,00:09:8b:02:58:ba,1471875000,-29,-29,-23.180988565890264,-23,30
00:09:8b:02:5a:c2,00:09:8b:02:58:ba,1472070312.5,-28,-28,-23.180988565890264,-23,30
00:09:8b:02:5a:c2,00:09:8b:02:58:ba,1472265625,-28,-28,-23.180988565890264,-23,30
00:09:8b:02:5a:c2,00:09:8b:02:58:ba,1472460937.5,-27,-27,-23.180988565890264,-23,30
00:09:8b:02:5a:c2,00:09:8b:02:58:ba,1472656250,-27,-27,-23.180988565890264,-23,30
00:09:8b:02:5a:c2,00:09:8b:02:58:ba,1472851562.5,-28,-28,-23.180988565890264,-23,30
00:09:8b:02:5a:c2,00:09:8b:02:58:ba,1473046875,-28,-28,-23.180988565890264,-23,30
00:09:8b:02:5a:c2,00:09:8b:02:58:ba,1473242187.5,-27,-27,-23.180988565890264,-23,30
00:09:8b:02:5a:c2,00:09:8b:02:58:ba,1473437500,-27,-27,-23.180988565890264,-23,30
00:09:8b:02:5a:c2,00:09:8b:02:58:ba,1473632812.5,-28,-28,-23.180988565890264,-23,30
00:09:8b:02:5a:c2,00:09:8b:02:58:ba,1473828125,-27,-27,-23.180988565890264,-23,30
00:09:8b:02:5a:c2,00:09:8b:02:58:ba,1474023437.5,-28,-28,-23.180988565890264,-23,30
00:09:8b:02:5a:c2,00:09:8b:02:58:ba,1474218750,-28,-28,-23.180988565890264,-23,30
00:09:8b:02:5a:c2,00:09:8b:02:58:ba,1474414062.5,-27,-27,-23.180988565890264,-23,30
00:09:8b:02:5a:c2,00:09:8b:02:58:ba,1474609375,-29,-29,-23.180988565890264,-23,30
00:09:8b:02:5a:c2,00:09:8b:02:58:ba,1474804687.5,-28,-28,-23.180988565890264,-23,30
00:09:8b:02:5a:c2,00:09:8b:02:58:ba,1475000000,-27,-27,-23.180988565890264,-23,30
00:09:8b:02:5a:c2,00:09:8b:02:58:ba,1475195312.5,-27,-27,-23.180988565890264,-23,30
00:09:8b:02:5a:c2,00:09:8b:02:58:ba,1475390625,-27,-27,-23.180988565890264,-23,30
00:09:8b:02:5a:c2,00:09:8b:02:58:ba,1475585937.5,-27,-27,-23.180988565890264,-23,30
00:09:8b:02:5a:c2,00:09:8b:02:58:ba,1475781250,-28,-28,-23.180988565890264,-23,30
00:09:8b:02:5a:c2,00:09:8b:02:58:ba,1475976562.5,-28,-28,-23.180988565890264,-23,30
00:09:8b:02:5a:c2,00:09:8b:02:58:ba,1476171875,-27,-27,-23.180988565890264,-23,30
00:09:8b:02:5a:c2,00:09:8b:02:58:ba,1476367187.5,-27,-27,-23.180988565890264,-23,30
00:09:8b:02:5a:c2,00:09:8b:02:58:ba,1476562500,-28,-28,-23.180988565890264,-23,30
00:09:8b:02:5a:c2,00:09:8b:02:58:ba,1476757812.5,-27,-27,-23.180988565890264,-23,30
00:09:8b:02:5a:c2,00:09:8b:02:58:ba,1476953125,-27,-27,-23.180988565890264,-23,30
00:09:8b:02:5a:c2,00:09:8b:02:58:ba,1477148437.5,-27,-27,-23.180988565890264,-23,30
00:09:8b:02:5a:c2,00:09:8b:02:58:ba,1477343750,-28,-28,-23.180988565890264,-23,30
00:09:8b:02:5a:c2,00:09:8b:02:58:ba,1477539062.5,-27,-27,-23.180988565890264,-23,30
00:09:8b:02:5a:c2,00:09:8b:02:58:ba,1477734375,-28,-28,-23.180988565890264,-23,30
00:09:8b:02:5a:c2,00:09:8b:02:58:ba,1477929687.5,-29,-29,-23.180988565890264,-23,30
00:09:8b:02:5a:c2,00:09:8b:02:58:ba,1478125000,-27,-27,-23.180988565890264,-23,30
00:09:8b:02:5a:c2,00:09:8b:02:58:ba,1478320312.5,-26,-26,-23.180988565890264,-23,30
00:09:8b:02:5a:c2,00:09:8b:02:58:ba,1478515625,-28,-28,-23.180988565890264,-23,30
00:09:8b:02:5a:c2,00:09:8b:02:58:ba,1478710937.5,-29,-29,-23.180988565890264,-23,30
00:09:8b:02:5a:c2,00:09:8b:02:58:ba,1478906250,-28,-28,-23.180988565890264,-23,30
00:09:8b:02:5a:c2,00:09:8b:02:58:ba,1479101562.5,-28,-28,-23.180988565890264,-23,30
00:09:8b:02:5a:c2,00:09:8b:02:58:ba,1479296875,-27,-27,-23.180988565890264,-23,30
00:09:8b:02:5a:c2,00:09:8b:02:58:ba,1479492187.5,-27,-27,-23.180988565890264,-23,30
00:09:8b:02:5a:c2,00:09:8b:02:58:ba,1479687500,-28,-28,-23.180988565890264,-23,30
00:09:8b:02:5a:c2,00:09:8b:02:58:ba,1479882812.5,-29,-29,-23.180988565890264,-23,30
00:09:8b:02:5a:c2,00:09:8b:02:58:ba,1480078125,-29,-29,-23.180988565890264,-23,30
00:09:8b:02:5a:c2,00:09:8b:02:58:ba,1480273437.5,-28,-28,-23.180988565890264,-23,30
00:09:8b:02:5a:c2,00:09:8b:02:58:ba,1480468750,-29,-29,-23.180988565890264,-23,30
00:09:8b:02:5a:c2,00:09:8b:02:58:ba,1480664062.5,-27,-27,-23.180988565890264,-23,30
00:09:8b:02:5a:c2,00:09:8b:02:58:ba,1480859375,-29,-29,-23.180988565890264,-23,30
00:09:8b:02:5a:c2,00:09:8b:02:58:ba,1481054687.5,-29,-29,-23.180988565890264,-23,30
00:09:8b:02:5a:c2,00:09:8b:02:58:ba,1481250000,-28,-28,-23.180988565890264,-23,30
00:09:8b:02:5a:c2,00:09:8b:02:58:ba,1481445312.5,-29,-29,-23.180988565890264,-23,30
00:09:8b:02:5a:c2,00:09:8b:02:58:ba,1481640625,-29,-29,-23.180988565890264,-23,30
00:09:8b:02:5a:c2,00:09:8b:02:58:ba,1481835937.5,-29,-29,-23.180988565890264,-23,30
00:09:8b:02:5a:c2,00:09:8b:02:58:ba,1482031250,-29,-29,-23.180988565890264,-23,30
00:09:8b:02:5a:c2,00:09:8b:02:58:ba,1482226562.5,-29,-29,-23.180988565890264,-23,30
00:09:8b:02:5a:c2,00:09:8b:02:58:ba,1482421875,-29,-29,-23.180988565890264,-23,30
00:09:8b:02:5a:c2,00:09:8b:02:58:ba,1482617187.5,-29,-29,-23.180988565890264,-23,30
00:09:8b:02:5a:c2,00:09:8b:02:58:ba,1482812500,-29,-29,-23.180988565890264,-23,30
00:09:8b:02:5a:c2,00:09:8b:02:58:ba,1483007812.5,-28,-28,-23.180988565890264,-23,30
00:09:8b:02:5a:c2,00:09:8b:02:58:ba,1483203125,-29,-29,-23.180988565890264,-23,30
00:09:8b:02:5a:c2,00:09:8b:02:58:ba,1483398437.5,-30,-30,-23.180988565890264,-23,30
00:09:8b:02:5a:c2,00:09:8b:02:58:ba,1483593750,-29,-29,-23.180988565890264,-23,30
00:09:8b:02:5a:c2,00:09:8b:02:58:ba,1483789062.5,-29,-29,-23.180988565890264,-23,30
00:09:8b:02:5a:c2,00:09:8b:02:58:ba,1483984375,-29,-29,-23.180988565890264,-23,30
00:09:8b:02:5a:c2,00:09:8b:02:58:ba,1484179687.5,-30,-30,-23.180988565890264,-23,30
00:09:8b:02:5a:c2,00:09:8b:02:58:ba,1484375000,-29,-29,-23.180988565890264,-23,30
00:09:8b:02:5a:c2,00:09:8b:02:58:ba,1484570312.5,-30,-30,-23.180988565890264,-23,30
00:09:8b:02:5a:c2,00:09:8b:02:58:ba,1484765625,-29,-29,-23.180988565890264,-23,30
00:09:8b:02:5a:c2,00:09:8b:02:58:ba,1484960937.5,-28,-28,-23.180988565890264,-23,30
00:09:8b:02:5a:c2,00:09:8b:02:58:ba,1485156250,-29,-29,-23.180988565890264,-23,30
00:09:8b:02:5a:c2,00:09:8b:02:58:ba,1485351562.5,-29,-29,-23.180988565890264,-23,30
00:09:8b:02:5a:c2,00:09:8b:02:58:ba,1485546875,-29,-29,-23.180988565890264,-23,30
00:09:8b:02:5a:c2,00:09:8b:02:58:ba,1485742187.5,-29,-29,-23.180988565890264,-23,30
00:09:8b:02:5a:c2,00:09:8b:02:58:ba,1485937500,-29,-29,-23.180988565890264,-23,30
00:09:8b:02:5a:c2,00:09:8b:02:58:ba,1486132812.5,-28,-28,-23.180988565890264,-23,30
00:09:8b:02:5a:c2,00:09:8b:02:58:ba,1486328125,-28,-28,-23.180988565890264,-23,30
00:09:8b:02:5a:c2,00:09:8b:02:58:ba,1486523437.5,-29,-29,-23.180988565890264,-23,30
00:09:8b:02:5a:c2,00:09:8b:02:58:ba,1486718750,-29,-29,-23.180988565890264,-23,30
00:09:8b:02:5a:c2,00:09:8b:02:58:ba,1486914062.5,-29,-29,-23.180988565890264,-23,30
00:09:8b:02:5a:c2,00:09:8b:02:58:ba,1487109375,-28,-28,-23.180988565890264,-23,30
00:09:8b:02:5a:c2,00:09:8b:02:58:ba,1487304687.5,-29,-29,-23.180988565890264,-23,30
00:09:8b:02:5a:c2,00:09:8b:02:58:ba,1487500000,-30,-30,-23.180988565890264,-23,30
00:09:8b:02:5a:c2,00:09:8b:02:58:ba,1487695312.5,-28,-28,-23.180988565890264,-23,30
00:09:8b:02:5a:c2,00:09:8b:02:58:ba,1487890625,-29,-29,-23.180988565890264,-23,30
00:09:8b:02:5a:c2,00:09:8b:02:58:ba,1488085937.5,-28,-28,-23.180988565890264,-23,30
00:09:8b:02:5a:c2,00:09:8b:02:58:ba,1488281250,-28,-28,-23.180988565890264,-23,30
00:09:8b:02:5a:c2,00:09:8b:02:58:ba,1488476562.5,-28,-28,-23.180988565890264,-23,30
00:09:8b:02:5a:c2,00:09:8b:02:58:ba,1488671875,-30,-30,-23.180988565890264,-23,30
00:09:8b:02:5a:c2,00:09:8b:02:58:ba,1488867187.5,-28,-28,-23.180988565890264,-23,30
00:09:8b:02:5a:c2,00:09:8b:02:58:ba,1489062500,-27,-27,-23.180988565890264,-23,30
00:09:8b:02:5a:c2,00:09:8b:02:58:ba,1489257812.5,-28,-28,-23.180988565890264,-23,30
00:09:8b:02:5a:c2,00:09:8b:02:58:ba,1489453125,-29,-29,-23.180988565890264,-23,30
00:09:8b:02:5a:c2,00:09:8b:02:58:ba,1489648437.5,-29,-29,-23.180988565890264,-23,30
00:09:8b:02:5a:c2,00:09:8b:02:58:ba,1489843750,-29,-29,-23.180988565890264,-23,30
00:09:8b:02:5a:c2,00:09:8b:02:58:ba,1490039062.5,-28,-28,-23.180988565890264,-23,30
00:09:8b:02:5a:c2,00:09:8b:02:58:ba,1490234375,-28,-28,-23.180988565890264,-23,30
00:09:8b:02:5a:c2,00:09:8b:02:58:ba,1490429687.5,-28,-28,-23.180988565890264,-23,30
00:09:8b:02:5a:c2,00:09:8b:02:58:ba,1490625000,-28,-28,-23.180988565890264,-23,30
00:09:8b:02:5a:c2,00:09:8b:02:58:ba,1490820312.5,-28,-28,-23.180988565890264,-23,30
00:09:8b:02:5a:c2,00:09:8b:02:58:ba,1491015625,-28,-28,-23.180988565890264,-23,30
00:09:8b:02:5a:c2,00:09:8b:02:58:ba,1491210937.5,-27,-27,-23.180988565890264,-23,30
00:09:8b:02:5a:c2,00:09:8b:02:58:ba,1491406250,-28,-28,-23.180988565890264,-23,30
00:09:8b:02:5a:c2,00:09:8b:02:58:ba,1491601562.5,-29,-29,-23.180988565890264,-23,30
00:09:8b:02:5a:c2,00:09:8b:02:58:ba,1491796875,-30,-30,-23.180988565890264,-23,30
00:09:8b:02:5a:c2,00:09:8b:02:58:ba,1491992187.5,-28,-28,-23.180988565890264,-23,30
00:09:8b:02:5a:c2,00:09:8b:02:58:ba,1492187500,-27,-27,-23.180988565890264,-23,30
00:09:8b:02:5a:c2,00:09:8b:02:58:ba,1492382812.5,-28,-28,-23.180988565890264,-23,30
00:09:8b:02:5a:c2,00:09:8b:02:58:ba,1492578125,-28,-28,-23.180988565890264,-23,30
00:09:8b:02:5a:c2,00:09:8b:02:58:ba,1492773437.5,-28,-28,-23.180988565890264,-23,30
00:09:8b:02:5a:c2,00:09:8b:02:58:ba,1492968750,-27,-27,-23.180988565890264,-23,30
00:09:8b:02:5a:c2,00:09:8b:02:58:ba,1493164062.5,-28,-28,-23.180988565890264,-23,30
00:09:8b:02:5a:c2,00:09:8b:02:58:ba,1493359375,-28,-28,-23.180988565890264,-23,30
00:09:8b:02:5a:c2,00:09:8b:02:58:ba,1493554687.5,-29,-29,-23.180988565890264,-23,30
00:09:8b:02:5a:c2,00:09:8b:02:58:ba,1493750000,-27,-27,-23.180988565890264,-23,30
00:09:8b:02:5a:c2,00:09:8b:02:58:ba,1493945312.5,-29,-29,-23.180988565890264,-23,30
00:09:8b:02:5a:c2,00:09:8b:02:58:ba,1494140625,-28,-28,-23.180988565890264,-23,30
00:09:8b:02:5a:c2,00:09:8b:02:58:ba,1494335937.5,-27,-27,-23.180988565890264,-23,30
00:09:8b:02:5a:c2,00:09:8b:02:58:ba,1494531250,-28,-28,-23.180988565890264,-23,30
00:09:8b:02:5a:c2,00:09:8b:02:58:ba,1494726562.5,-29,-29,-23.180988565890264,-23,30
00:09:8b:02:5a:c2,00:09:8b:02:58:ba,1494921875,-28,-28,-23.180988565890264,-23,30
00:09:8b:02:5a:c2,00:09:8b:02:58:ba,1495117187.5,-27,-27,-23.180988565890264,-23,30
00:09:8b:02:5a:c2,00:09:8b:02:58:ba,1495312500,-28,-28,-23.180988565890264,-23,30
00:09:8b:02:5a:c2,00:09:8b:02:58:ba,1495507812.5,-28,-28,-23.180988565890264,-23,30
00:09:8b:02:5a:c2,00:09:8b:02:58:ba,1495703125,-29,-29,-23.180988565890264,-23,30
00:09:8b:02:5a:c2,00:09:8b:02:58:ba,1495898437.5,-28,-28,-23.180988565890264,-23,30
00:09:8b:02:5a:c2,00:09:8b:02:58:ba,1496093750,-27,-27,-23.180988565890264,-23,30
00:09:8b:02:5a:c2,00:09:8b:02:58:ba,1496289062.5,-29,-29,-23.180988565890264,-23,30
00:09:8b:02:5a:c2,00:09:8b:02:58:ba,1496484375,-28,-28,-23.180988565890264,-23,30
00:09:8b:02:5a:c2,00:09:8b:02:58:ba,1496679687.5,-30,-30,-23.180988565890264,-23,30
00:09:8b:02:5a:c2,00:09:8b:02:58:ba,1496875000,-29,-29,-23.180988565890264,-23,30
00:09:8b:02:5a:c2,00:09:8b:02:58:ba,1497070312.5,-29,-29,-23.180988565890264,-23,30
00:09:8b:02:5a:c2,00:09:8b:02:58:ba,1497265625,-29,-29,-23.180988565890264,-23,30
00:09:8b:02:5a:c2,00:09:8b:02:58:ba,1497460937.5,-29,-29,-23.180988565890264,-23,30
00:09:8b:02:5a:c2,00:09:8b:02:58:ba,1497656250,-30,-30,-23.180988565890264,-23,30
00:09:8b:02:5a:c2,00:09:8b:02:58:ba,1497851562.5,-29,-29,-23.180988565890264,-23,30
00:09:8b:02:5a:c2,00:09:8b:02:58:ba,1498046875,-29,-29,-23.180988565890264,-23,30
00:09:8b:02:5a:c2,00:09:8b:02:58:ba,1498242187.5,-30,-30,-23.180988565890264,-23,30
00:09:8b:02:5a:c2,00:09:8b:02:58:ba,1498437500,-31,-31,-23.180988565890264,-23,30
00:09:8b:02:5a:c2,00:09:8b:02:58:ba,1498632812.5,-30,-30,-23.180988565890264,-23,30
00:09:8b:02:5a:c2,00:09:8b:02:58:ba,1498828125,-29,-29,-23.180988565890264,-23,30
00:09:8b:02:5a:c2,00:09:8b:02:58:ba,1499023437.5,-29,-29,-23.180988565890264,-23,30
00:09:8b:02:5a:c2,00:09:8b:02:58:ba,1499218750,-30,-30,-23.180988565890264,-23,30
00:09:8b:02:5a:c2,00:09:8b:02:58:ba,1499414062.5,-34,-34,-23.180988565890264,-23,30
00:09:8b:02:5a:c2,00:09:8b:02:58:ba,1499609375,-36,-36,-23.180988565890264,-23,30
00:09:8b:02:5a:c2,00:09:8b:02:58:ba,1499804687.5,-40,-40,-23.180988565890264,-23,30
00:09:8b:02:5a:c2,00:09:8b:02:58:ba,1500000000,-43,-43,-23.180988565890264,-23,30
00:09:8b:02:5a:c2,00:09:8b:02:58:ba,1500195312.5,-43,-43,-23.180988565890264,-23,30
00:09:8b:02:5a:c2,00:09:8b:02:58:ba,1500390625,-44,-44,-23.180988565890264,-23,30
00:09:8b:02:5a:c2,00:09:8b:02:58:ba,1500585937.5,-42,-42,-23.180988565890264,-23,30
00:09:8b:02:5a:c2,00:09:8b:02:58:ba,1500781250,-39,-39,-23.180988565890264,-23,30
00:09:8b:02:5a:c2,00:09:8b:02:58:ba,1500976562.5,-31,-31,-23.180988565890264,-23,30
00:09:8b:02:5a:c2,00:09:8b:02:58:ba,1501171875,-29,-29,-23.180988565890264,-23,30
00:09:8b:02:5a:c2,00:09:8b:02:58:ba,1501367187.5,-30,-30,-23.180988565890264,-23,30
00:09:8b:02:5a:c2,00:09:8b:02:58:ba,1501562500,-31,-31,-23.180988565890264,-23,30
00:09:8b:02:5a:c2,00:09:8b:02:58:ba,1501757812.5,-30,-30,-23.180988565890264,-23,30
00:09:8b:02:5a:c2,00:09:8b:02:58:ba,1501953125,-30,-30,-23.180988565890264,-23,30
00:09:8b:02:5a:c2,00:09:8b:02:58:ba,1502148437.5,-29,-29,-23.180988565890264,-23,30
00:09:8b:02:5a:c2,00:09:8b:02:58:ba,1502343750,-29,-29,-23.180988565890264,-23,30
00:09:8b:02:5a:c2,00:09:8b:02:58:ba,1502539062.5,-29,-29,-23.180988565890264,-23,30
00:09:8b:02:5a:c2,00:09:8b:02:58:ba,1502734375,-29,-29,-23.180988565890264,-23,30
00:09:8b:02:5a:c2,00:09:8b:02:58:ba,1502929687.5,-28,-28,-23.180988565890264,-23,30
00:09:8b:02:5a:c2,00:09:8b:02:58:ba,1503125000,-30,-30,-23.180988565890264,-23,30
00:09:8b:02:5a:c2,00:09:8b:02:58:ba,1503320312.5,-30,-30,-23.180988565890264,-23,30
00:09:8b:02:5a:c2,00:09:8b:02:58:ba,1503515625,-29,-29,-23.180988565890264,-23,30
00:09:8b:02:5a:c2,00:09:8b:02:58:ba,1503710937.5,-28,-28,-23.180988565890264,-23,30
00:09:8b:02:5a:c2,00:09:8b:02:58:ba,1503906250,-28,-28,-23.180988565890264,-23,30
00:09:8b:02:5a:c2,00:09:8b:02:58:ba,1504101562.5,-29,-29,-23.180988565890264,-23,30
00:09:8b:02:5a:c2,00:09:8b:02:58:ba,1504296875,-28,-28,-23.180988565890264,-23,30
00:09:8b:02:5a:c2,00:09:8b:02:58:ba,1504492187.5,-27,-27,-23.180988565890264,-23,30
00:09:8b:02:5a:c2,00:09:8b:02:58:ba,1504687500,-31,-31,-23.180988565890264,-23,30
00:09:8b:02:5a:c2,00:09:8b:02:58:ba,1504882812.5,-27,-27,-23.180988565890264,-23,30
00:09:8b:02:5a:c2,00:09:8b:02:58:ba,1505078125,-27,-27,-23.180988565890264,-23,30
00:09:8b:02:5a:c2,00:09:8b:02:58:ba,1505273437.5,-28,-28,-23.180988565890264,-23,30
00:09:8b:02:5a:c2,00:09:8b:02:58:ba,1505468750,-27,-27,-23.180988565890264,-23,30
00:09:8b:02:5a:c2,00:09:8b:02:58:ba,1505664062.5,-28,-28,-23.180988565890264,-23,30
00:09:8b:02:5a:c2,00:09:8b:02:58:ba,1505859375,-28,-28,-23.180988565890264,-23,30
00:09:8b:02:5a:c2,00:09:8b:02:58:ba,1506054687.5,-27,-27,-23.180988565890264,-23,30
00:09:8b:02:5a:c2,00:09:8b:02:58:ba,1506250000,-28,-28,-23.180988565890264,-23,30
00:09:8b:02:5a:c2,00:09:8b:02:58:ba,1506445312.5,-27,-27,-23.180988565890264,-23,30
00:09:8b:02:5a:c2,00:09:8b:02:58:ba,1506640625,-28,-28,-23.180988565890264,-23,30
00:09:8b:02:5a:c2,00:09:8b:02:58:ba,1506835937.5,-28,-28,-23.180988565890264,-23,30
00:09:8b:02:5a:c2,00:09:8b:02:58:ba,1507031250,-27,-27,-23.180988565890264,-23,30
00:09:8b:02:5a:c2,00:09:8b:02:58:ba,1507226562.5,-29,-29,-23.180988565890264,-23,30
00:09:8b:02:5a:c2,00:09:8b:02:58:ba,1507421875,-27,-27,-23.180988565890264,-23,30
00:09:8b:02:5a:c2,00:09:8b:02:58:ba,1507617187.5,-29,-29,-23.180988565890264,-23,30
00:09:8b:02:5a:c2,00:09:8b:02:58:ba,1507812500,-28,-28,-23.180988565890264,-23,30
00:09:8b:02:5a:c2,00:09:8b:02:58:ba,1508007812.5,-27,-27,-23.180988565890264,-23,30
00:09:8b:02:5a:c2,00:09:8b:02:58:ba,1508203125,-27,-27,-23.180988565890264,-23,30
00:09:8b:02:5a:c2,00:09:8b:02:58:ba,1508398437.5,-29,-29,-23.180988565890264,-23,30
00:09:8b:02:5a:c2,00:09:8b:02:58:ba,1508593750,-28,-28,-23.180988565890264,-23,30
00:09:8b:02:5a:c2,00:09:8b:02:58:ba,1508789062.5,-28,-28,-23.180988565890264,-23,30
00:09:8b:02:5a:c2,00:09:8b:02:58:ba,1508984375,-28,-28,-23.180988565890264,-23,30
00:09:8b:02:5a:c2,00:09:8b:02:58:ba,1509179687.5,-28,-28,-23.180988565890264,-23,30
00:09:8b:02:5a:c2,00:09:8b:02:58:ba,1509375000,-28,-28,-23.180988565890264,-23,30
00:09:8b:02:5a:c2,00:09:8b:02:58:ba,1509570312.5,-28,-28,-23.180988565890264,-23,30
00:09:8b:02:5a:c2,00:09:8b:02:58:ba,1509765625,-27,-27,-23.180988565890264,-23,30
00:09:8b:02:5a:c2,00:09:8b:02:58:ba,1509960937.5,-29,-29,-23.180988565890264,-23,30
00:09:8b:02:5a:c2,00:09:8b:02:58:ba,1510156250,-28,-28,-23.180988565890264,-23,30
00:09:8b:02:5a:c2,00:09:8b:02:58:ba,1510351562.5,-27,-27,-23.180988565890264,-23,30
00:09:8b:02:5a:c2,00:09:8b:02:58:ba,1510546875,-27,-27,-23.180988565890264,-23,30
00:09:8b:02:5a:c2,00:09:8b:02:58:ba,1510742187.5,-27,-27,-23.180988565890264,-23,30
00:09:8b:02:5a:c2,00:09:8b:02:58:ba,1510937500,-31,-31,-23.180988565890264,-23,30
00:09:8b:02:5a:c2,00:09:8b:02:58:ba,1511132812.5,-28,-28,-23.180988565890264,-23,30
00:09:8b:02:5a:c2,00:09:8b:02:58:ba,1511328125,-27,-27,-23.180988565890264,-23,30
00:09:8b:02:5a:c2,00:09:8b:02:58:ba,1511523437.5,-28,-28,-23.180988565890264,-23,30
00:09:8b:02:5a:c2,00:09:8b:02:58:ba,1511718750,-28,-28,-23.180988565890264,-23,30
00:09:8b:02:5a:c2,00:09:8b:02:58:ba,1511914062.5,-27,-27,-23.180988565890264,-23,30
00:09:8b:02:5a:c2,00:09:8b:02:58:ba,1512109375,-28,-28,-23.180988565890264,-23,30
00:09:8b:02:5a:c2,00:09:8b:02:58:ba,1512304687.5,-28,-28,-23.180988565890264,-23,30
00:09:8b:02:5a:c2,00:09:8b:02:58:ba,1512500000,-28,-28,-23.180988565890264,-23,30
00:09:8b:02:5a:c2,00:09:8b:02:58:ba,1512695312.5,-28,-28,-23.180988565890264,-23,30
00:09:8b:02:5a:c2,00:09:8b:02:58:ba,1512890625,-30,-30,-23.180988565890264,-23,30
00:09:8b:02:5a:c2,00:09:8b:02:58:ba,1513085937.5,-28,-28,-23.180988565890264,-23,30
00:09:8b:02:5a:c2,00:09:8b:02:58:ba,1513281250,-29,-29,-23.180988565890264,-23,30
00:09:8b:02:5a:c2,00:09:8b:02:58:ba,1513476562.5,-27,-27,-23.180988565890264,-23,30
00:09:8b:02:5a:c2,00:09:8b:02:58:ba,1513671875,-29,-29,-23.180988565890264,-23,30
00:09:8b:02:5a:c2,00:09:8b:02:58:ba,1513867187.5,-30,-30,-23.180988565890264,-23,30
00:09:8b:02:5a:c2,00:09:8b:02:58:ba,1514062500,-30,-30,-23.180988565890264,-23,30
00:09:8b:02:5a:c2,00:09:8b:02:58:ba,1514257812.5,-30,-30,-23.180988565890264,-23,30
00:09:8b:02:5a:c2,00:09:8b:02:58:ba,1514453125,-29,-29,-23.180988565890264,-23,30
00:09:8b:02:5a:c2,00:09:8b:02:58:ba,1514648437.5,-29,-29,-23.180988565890264,-23,30
00:09:8b:02:5a:c2,00:09:8b:02:58:ba,1514843750,-30,-30,-23.180988565890264,-23,30
00:09:8b:02:5a:c2,00:09:8b:02:58:ba,1515039062.5,-29,-29,-23.180988565890264,-23,30
00:09:8b:02:5a:c2,00:09:8b:02:58:ba,1515234375,-29,-29,-23.180988565890264,-23,30
00:09:8b:02:5a:c2,00:09:8b:02:58:ba,1515429687.5,-29,-29,-23.180988565890264,-23,30
00:09:8b:02:5a:c2,00:09:8b:02:58:ba,1515625000,-28,-28,-23.180988565890264,-23,30
00:09:8b:02:5a:c2,00:09:8b:02:58:ba,1515820312.5,-29,-29,-23.180988565890264,-23,30
00:09:8b:02:5a:c2,00:09:8b:02:58:ba,1516015625,-29,-29,-23.180988565890264,-23,30
00:09:8b:02:5a:c2,00:09:8b:02:58:ba,1516210937.5,-30,-30,-23.180988565890264,-23,30
00:09:8b:02:5a:c2,00:09:8b:02:58:ba,1516406250,-27,-27,-23.180988565890264,-23,30
00:09:8b:02:5a:c2,00:09:8b:02:58:ba,1516601562.5,-29,-29,-23.180988565890264,-23,30
00:09:8b:02:5a:c2,00:09:8b:02:58:ba,1516796875,-27,-27,-23.180988565890264,-23,30
00:09:8b:02:5a:c2,00:09:8b:02:58:ba,1516992187.5,-27,-27,-23.180988565890264,-23,30
00:09:8b:02:5a:c2,00:09:8b:02:58:ba,1517187500,-27,-27,-23.180988565890264,-23,30
00:09:8b:02:5a:c2,00:09:8b:02:58:ba,1517382812.5,-29,-29,-23.180988565890264,-23,30
00:09:8b:02:5a:c2,00:09:8b:02:58:ba,1517578125,-28,-28,-23.180988565890264,-23,30
00:09:8b:02:5a:c2,00:09:8b:02:58:ba,1517773437.5,-27,-27,-23.180988565890264,-23,30
00:09:8b:02:5a:c2,00:09:8b:02:58:ba,1517968750,-29,-29,-23.180988565890264,-23,30
00:09:8b:02:5a:c2,00:09:8b:02:58:ba,1518164062.5,-27,-27,-23.180988565890264,-23,30
00:09:8b:02:5a:c2,00:09:8b:02:58:ba,1518359375,-27,-27,-23.180988565890264,-23,30
00:09:8b:02:5a:c2,00:09:8b:02:58:ba,1518554687.5,-28,-28,-23.180988565890264,-23,30
00:09:8b:02:5a:c2,00:09:8b:02:58:ba,1518750000,-27,-27,-23.180988565890264,-23,30
00:09:8b:02:5a:c2,00:09:8b:02:58:ba,1518945312.5,-29,-29,-23.180988565890264,-23,30
00:09:8b:02:5a:c2,00:09:8b:02:58:ba,1519140625,-29,-29,-23.180988565890264,-23,30
00:09:8b:02:5a:c2,00:09:8b:02:58:ba,1519335937.5,-28,-28,-23.180988565890264,-23,30
00:09:8b:02:5a:c2,00:09:8b:02:58:ba,1519531250,-29,-29,-23.180988565890264,-23,30
00:09:8b:02:5a:c2,00:09:8b:02:58:ba,1519726562.5,-26,-26,-23.180988565890264,-23,30
00:09:8b:02:5a:c2,00:09:8b:02:58:ba,1519921875,-28,-28,-23.180988565890264,-23,30
00:09:8b:02:5a:c2,00:09:8b:02:58:ba,1520117187.5,-29,-29,-23.180988565890264,-23,30
00:09:8b:02:5a:c2,00:09:8b:02:58:ba,1520312500,-28,-28,-23.180988565890264,-23,30
00:09:8b:02:5a:c2,00:09:8b:02:58:ba,1520507812.5,-27,-27,-23.180988565890264,-23,30
00:09:8b:02:5a:c2,00:09:8b:02:58:ba,1520703125,-28,-28,-23.180988565890264,-23,30
00:09:8b:02:5a:c2,00:09:8b:02:58:ba,1520898437.5,-29,-29,-23.180988565890264,-23,30
00:09:8b:02:5a:c2,00:09:8b:02:58:ba,1521093750,-29,-29,-23.180988565890264,-23,30
00:09:8b:02:5a:c2,00:09:8b:02:58:ba,1521289062.5,-28,-28,-23.180988565890264,-23,30
00:09:8b:02:5a:c2,00:09:8b:02:58:ba,1521484375,-27,-27,-23.180988565890264,-23,30
00:09:8b:02:5a:c2,00:09:8b:02:58:ba,1521679687.5,-29,-29,-23.180988565890264,-23,30
00:09:8b:02:5a:c2,00:09:8b:02:58:ba,1521875000,-28,-28,-23.180988565890264,-23,30
00:09:8b:02:5a:c2,00:09:8b:02:58:ba,1522070312.5,-27,-27,-23.180988565890264,-23,30
00:09:8b:02:5a:c2,00:09:8b:02:58:ba,1522265625,-28,-28,-23.180988565890264,-23,30
00:09:8b:02:5a:c2,00:09:8b:02:58:ba,1522460937.5,-28,-28,-23.180988565890264,-23,30
00:09:8b:02:5a:c2,00:09:8b:02:58:ba,1522656250,-28,-28,-23.180988565890264,-23,30
00:09:8b:02:5a:c2,00:09:8b:02:58:ba,1522851562.5,-26,-26,-23.180988565890264,-23,30
00:09:8b:02:5a:c2,00:09:8b:02:58:ba,1523046875,-25,-25,-23.180988565890264,-23,30
00:09:8b:02:5a:c2,00:09:8b:02:58:ba,1523242187.5,-28,-28,-23.180988565890264,-23,30
00:09:8b:02:5a:c2,00:09:8b:02:58:ba,1523437500,-27,-27,-23.180988565890264,-23,30
00:09:8b:02:5a:c2,00:09:8b:02:58:ba,1523632812.5,-28,-28,-23.180988565890264,-23,30
00:09:8b:02:5a:c2,00:09:8b:02:58:ba,1523828125,-28,-28,-23.180988565890264,-23,30
00:09:8b:02:5a:c2,00:09:8b:02:58:ba,1524023437.5,-29,-29,-23.180988565890264,-23,30
00:09:8b:02:5a:c2,00:09:8b:02:58:ba,1524218750,-27,-27,-23.180988565890264,-23,30
00:09:8b:02:5a:c2,00:09:8b:02:58:ba,1524414062.5,-29,-29,-23.180988565890264,-23,30
00:09:8b:02:5a:c2,00:09:8b:02:58:ba,1524609375,-28,-28,-23.180988565890264,-23,30
00:09:8b:02:5a:c2,00:09:8b:02:58:ba,1524804687.5,-26,-26,-23.180988565890264,-23,30
00:09:8b:02:5a:c2,00:09:8b:02:58:ba,1525000000,-28,-28,-23.180988565890264,-23,30
00:09:8b:02:5a:c2,00:09:8b:02:58:ba,1525195312.5,-28,-28,-23.180988565890264,-23,30
00:09:8b:02:5a:c2,00:09:8b:02:58:ba,1525390625,-28,-28,-23.180988565890264,-23,30
00:09:8b:02:5a:c2,00:09:8b:02:58:ba,1525585937.5,-29,-29,-23.180988565890264,-23,30
00:09:8b:02:5a:c2,00:09:8b:02:58:ba,1525781250,-28,-28,-23.180988565890264,-23,30
00:09:8b:02:5a:c2,00:09:8b:02:58:ba,1525976562.5,-26,-26,-23.180988565890264,-23,30
00:09:8b:02:5a:c2,00:09:8b:02:58:ba,1526171875,-27,-27,-23.180988565890264,-23,30
00:09:8b:02:5a:c2,00:09:8b:02:58:ba,1526367187.5,-27,-27,-23.180988565890264,-23,30
00:09:8b:02:5a:c2,00:09:8b:02:58:ba,1526562500,-29,-29,-23.180988565890264,-23,30
00:09:8b:02:5a:c2,00:09:8b:02:58:ba,1526757812.5,-27,-27,-23.180988565890264,-23,30
00:09:8b:02:5a:c2,00:09:8b:02:58:ba,1526953125,-26,-26,-23.180988565890264,-23,30
00:09:8b:02:5a:c2,00:09:8b:02:58:ba,1527148437.5,-27,-27,-23.180988565890264,-23,30
00:09:8b:02:5a:c2,00:09:8b:02:58:ba,1527343750,-27,-27,-23.180988565890264,-23,30
00:09:8b:02:5a:c2,00:09:8b:02:58:ba,1527539062.5,-28,-28,-23.180988565890264,-23,30
00:09:8b:02:5a:c2,00:09:8b:02:58:ba,1527734375,-29,-29,-23.180988565890264,-23,30
00:09:8b:02:5a:c2,00:09:8b:02:58:ba,1527929687.5,-27,-27,-23.180988565890264,-23,30
00:09:8b:02:5a:c2,00:09:8b:02:58:ba,1528125000,-28,-28,-23.180988565890264,-23,30
00:09:8b:02:5a:c2,00:09:8b:02:58:ba,1528320312.5,-26,-26,-23.180988565890264,-23,30
00:09:8b:02:5a:c2,00:09:8b:02:58:ba,1528515625,-27,-27,-23.180988565890264,-23,30
00:09:8b:02:5a:c2,00:09:8b:02:58:ba,1528710937.5,-28,-28,-23.180988565890264,-23,30
00:09:8b:02:5a:c2,00:09:8b:02:58:ba,1528906250,-28,-28,-23.180988565890264,-23,30
00:09:8b:02:5a:c2,00:09:8b:02:58:ba,1529101562.5,-27,-27,-23.180988565890264,-23,30
00:09:8b:02:5a:c2,00:09:8b:02:58:ba,1529296875,-27,-27,-23.180988565890264,-23,30
00:09:8b:02:5a:c2,00:09:8b:02:58:ba,1529492187.5,-27,-27,-23.180988565890264,-23,30
00:09:8b:02:5a:c2,00:09:8b:02:58:ba,1529687500,-27,-27,-23.180988565890264,-23,30
00:09:8b:02:5a:c2,00:09:8b:02:58:ba,1529882812.5,-27,-27,-23.180988565890264,-23,30
00:09:8b:02:5a:c2,00:09:8b:02:58:ba,1530078125,-27,-27,-23.180988565890264,-23,30
00:09:8b:02:5a:c2,00:09:8b:02:58:ba,1530273437.5,-27,-27,-23.180988565890264,-23,30
00:09:8b:02:5a:c2,00:09:8b:02:58:ba,1530468750,-27,-27,-23.180988565890264,-23,30
00:09:8b:02:5a:c2,00:09:8b:02:58:ba,1530664062.5,-27,-27,-23.180988565890264,-23,30
00:09:8b:02:5a:c2,00:09:8b:02:58:ba,1530859375,-27,-27,-23.180988565890264,-23,30
00:09:8b:02:5a:c2,00:09:8b:02:58:ba,1531054687.5,-28,-28,-23.180988565890264,-23,30
00:09:8b:02:5a:c2,00:09:8b:02:58:ba,1531250000,-29,-29,-23.180988565890264,-23,30
00:09:8b:02:5a:c2,00:09:8b:02:58:ba,1531445312.5,-27,-27,-23.180988565890264,-23,30
00:09:8b:02:5a:c2,00:09:8b:02:58:ba,1531640625,-27,-27,-23.180988565890264,-23,30
00:09:8b:02:5a:c2,00:09:8b:02:58:ba,1531835937.5,-26,-26,-23.180988565890264,-23,30
00:09:8b:02:5a:c2,00:09:8b:02:58:ba,1532031250,-27,-27,-23.180988565890264,-23,30
00:09:8b:02:5a:c2,00:09:8b:02:58:ba,1532226562.5,-27,-27,-23.180988565890264,-23,30
00:09:8b:02:5a:c2,00:09:8b:02:58:ba,1532421875,-28,-28,-23.180988565890264,-23,30
00:09:8b:02:5a:c2,00:09:8b:02:58:ba,1532617187.5,-26,-26,-23.180988565890264,-23,30
00:09:8b:02:5a:c2,00:09:8b:02:58:ba,1532812500,-28,-28,-23.180988565890264,-23,30
00:09:8b:02:5a:c2,00:09:8b:02:58:ba,1533007812.5,-26,-26,-23.180988565890264,-23,30
00:09:8b:02:5a:c2,00:09:8b:02:58:ba,1533203125,-26,-26,-23.180988565890264,-23,30
00:09:8b:02:5a:c2,00:09:8b:02:58:ba,1533398437.5,-27,-27,-23.180988565890264,-23,30
00:09:8b:02:5a:c2,00:09:8b:02:58:ba,1533593750,-27,-27,-23.180988565890264,-23,30
00:09:8b:02:5a:c2,00:09:8b:02:58:ba,1533789062.5,-26,-26,-23.180988565890264,-23,30
00:09:8b:02:5a:c2,00:09:8b:02:58:ba,1533984375,-26,-26,-23.180988565890264,-23,30
00:09:8b:02:5a:c2,00:09:8b:02:58:ba,1534179687.5,-26,-26,-23.180988565890264,-23,30
00:09:8b:02:5a:c2,00:09:8b:02:58:ba,1534375000,-26,-26,-23.180988565890264,-23,30
00:09:8b:02:5a:c2,00:09:8b:02:58:ba,1534570312.5,-27,-27,-23.180988565890264,-23,30
00:09:8b:02:5a:c2,00:09:8b:02:58:ba,1534765625,-26,-26,-23.180988565890264,-23,30
00:09:8b:02:5a:c2,00:09:8b:02:58:ba,1534960937.5,-26,-26,-23.180988565890264,-23,30
00:09:8b:02:5a:c2,00:09:8b:02:58:ba,1535156250,-26,-26,-23.180988565890264,-23,30
00:09:8b:02:5a:c2,00:09:8b:02:58:ba,1535351562.5,-26,-26,-23.180988565890264,-23,30
00:09:8b:02:5a:c2,00:09:8b:02:58:ba,1535546875,-25,-25,-23.180988565890264,-23,30
00:09:8b:02:5a:c2,00:09:8b:02:58:ba,1535742187.5,-26,-26,-23.180988565890264,-23,30
00:09:8b:02:5a:c2,00:09:8b:02:58:ba,1535937500,-27,-27,-23.180988565890264,-23,30
00:09:8b:02:5a:c2,00:09:8b:02:58:ba,1536132812.5,-26,-26,-23.180988565890264,-23,30
00:09:8b:02:5a:c2,00:09:8b:02:58:ba,1536328125,-26,-26,-23.180988565890264,-23,30
00:09:8b:02:5a:c2,00:09:8b:02:58:ba,1536523437.5,-26,-26,-23.180988565890264,-23,30
00:09:8b:02:5a:c2,00:09:8b:02:58:ba,1536718750,-26,-26,-23.180988565890264,-23,30
00:09:8b:02:5a:c2,00:09:8b:02:58:ba,1536914062.5,-27,-27,-23.180988565890264,-23,30
00:09:8b:02:5a:c2,00:09:8b:02:58:ba,1537109375,-25,-25,-23.180988565890264,-23,30
00:09:8b:02:5a:c2,00:09:8b:02:58:ba,1537304687.5,-26,-26,-23.180988565890264,-23,30
00:09:8b:02:5a:c2,00:09:8b:02:58:ba,1537500000,-26,-26,-23.180988565890264,-23,30
00:09:8b:02:5a:c2,00:09:8b:02:58:ba,1537695312.5,-25,-25,-23.180988565890264,-23,30
00:09:8b:02:5a:c2,00:09:8b:02:58:ba,1537890625,-25,-25,-23.180988565890264,-23,30
00:09:8b:02:5a:c2,00:09:8b:02:58:ba,1538085937.5,-26,-26,-23.180988565890264,-23,30
00:09:8b:02:5a:c2,00:09:8b:02:58:ba,1538281250,-25,-25,-23.180988565890264,-23,30
00:09:8b:02:5a:c2,00:09:8b:02:58:ba,1538476562.5,-25,-25,-23.180988565890264,-23,30
00:09:8b:02:5a:c2,00:09:8b:02:58:ba,1538671875,-26,-26,-23.180988565890264,-23,30
00:09:8b:02:5a:c2,00:09:8b:02:58:ba,1538867187.5,-25,-25,-23.180988565890264,-23,30
00:09:8b:02:5a:c2,00:09:8b:02:58:ba,1539062500,-26,-26,-23.180988565890264,-23,30
00:09:8b:02:5a:c2,00:09:8b:02:58:ba,1539257812.5,-26,-26,-23.180988565890264,-23,30
00:09:8b:02:5a:c2,00:09:8b:02:58:ba,1539453125,-26,-26,-23.180988565890264,-23,30
00:09:8b:02:5a:c2,00:09:8b:02:58:ba,1539648437.5,-25,-25,-23.180988565890264,-23,30
00:09:8b:02:5a:c2,00:09:8b:02:58:ba,1539843750,-25,-25,-23.180988565890264,-23,30
00:09:8b:02:5a:c2,00:09:8b:02:58:ba,1540039062.5,-25,-25,-23.180988565890264,-23,30
00:09:8b:02:5a:c2,00:09:8b:02:58:ba,1540234375,-27,-27,-23.180988565890264,-23,30
00:09:8b:02:5a:c2,00:09:8b:02:58:ba,1540429687.5,-27,-27,-23.180988565890264,-23,30
00:09:8b:02:5a:c2,00:09:8b:02:58:ba,1540625000,-26,-26,-23.180988565890264,-23,30
00:09:8b:02:5a:c2,00:09:8b:02:58:ba,1540820312.5,-26,-26,-23.180988565890264,-23,30
00:09:8b:02:5a:c2,00:09:8b:02:58:ba,1541015625,-25,-25,-23.180988565890264,-23,30
00:09:8b:02:5a:c2,00:09:8b:02:58:ba,1541210937.5,-26,-26,-23.180988565890264,-23,30
00:09:8b:02:5a:c2,00:09:8b:02:58:ba,1541406250,-27,-27,-23.180988565890264,-23,30
00:09:8b:02:5a:c2,00:09:8b:02:58:ba,1541601562.5,-26,-26,-23.180988565890264,-23,30
00:09:8b:02:5a:c2,00:09:8b:02:58:ba,1541796875,-26,-26,-23.180988565890264,-23,30
00:09:8b:02:5a:c2,00:09:8b:02:58:ba,1541992187.5,-26,-26,-23.180988565890264,-23,30
00:09:8b:02:5a:c2,00:09:8b:02:58:ba,1542187500,-25,-25,-23.180988565890264,-23,30
00:09:8b:02:5a:c2,00:09:8b:02:58:ba,1542382812.5,-26,-26,-23.180988565890264,-23,30
00:09:8b:02:5a:c2,00:09:8b:02:58:ba,1542578125,-26,-26,-23.180988565890264,-23,30
00:09:8b:02:5a:c2,00:09:8b:02:58:ba,1542773437.5,-27,-27,-23.180988565890264,-23,30
00:09:8b:02:5a:c2,00:09:8b:02:58:ba,1542968750,-26,-26,-23.180988565890264,-23,30
00:09:8b:02:5a:c2,00:09:8b:02:58:ba,1543164062.5,-26,-26,-23.180988565890264,-23,30
00:09:8b:02:5a:c2,00:09:8b:02:58:ba,1543359375,-26,-26,-23.180988565890264,-23,30
00:09:8b:02:5a:c2,00:09:8b:02:58:ba,1543554687.5,-25,-25,-23.180988565890264,-23,30
00:09:8b:02:5a:c2,00:09:8b:02:58:ba,1543750000,-26,-26,-23.180988565890264,-23,30
00:09:8b:02:5a:c2,00:09:8b:02:58:ba,1543945312.5,-27,-27,-23.180988565890264,-23,30
00:09:8b:02:5a:c2,00:09:8b:02:58:ba,1544140625,-27,-27,-23.180988565890264,-23,30
00:09:8b:02:5a:c2,00:09:8b:02:58:ba,1544335937.5,-27,-27,-23.180988565890264,-23,30
00:09:8b:02:5a:c2,00:09:8b:02:58:ba,1544531250,-27,-27,-23.180988565890264,-23,30
00:09:8b:02:5a:c2,00:09:8b:02:58:ba,1544726562.5,-26,-26,-23.180988565890264,-23,30
00:09:8b:02:5a:c2,00:09:8b:02:58:ba,1544921875,-26,-26,-23.180988565890264,-23,30
00:09:8b:02:5a:c2,00:09:8b:02:58:ba,1545117187.5,-27,-27,-23.180988565890264,-23,30
00:09:8b:02:5a:c2,00:09:8b:02:58:ba,1545312500,-26,-26,-23.180988565890264,-23,30
00:09:8b:02:5a:c2,00:09:8b:02:58:ba,1545507812.5,-28,-28,-23.180988565890264,-23,30
00:09:8b:02:5a:c2,00:09:8b:02:58:ba,1545703125,-26,-26,-23.180988565890264,-23,30
00:09:8b:02:5a:c2,00:09:8b:02:58:ba,1545898437.5,-26,-26,-23.180988565890264,-23,30
00:09:8b:02:5a:c2,00:09:8b:02:58:ba,1546093750,-25,-25,-23.180988565890264,-23,30
00:09:8b:02:5a:c2,00:09:8b:02:58:ba,1546289062.5,-27,-27,-23.180988565890264,-23,30
00:09:8b:02:5a:c2,00:09:8b:02:58:ba,1546484375,-27,-27,-23.180988565890264,-23,30
00:09:8b:02:5a:c2,00:09:8b:02:58:ba,1546679687.5,-26,-26,-23.180988565890264,-23,30
00:09:8b:02:5a:c2,00:09:8b:02:58:ba,1546875000,-27,-27,-23.180988565890264,-23,30
00:09:8b:02:5a:c2,00:09:8b:02:58:ba,1547070312.5,-27,-27,-23.180988565890264,-23,30
00:09:8b:02:5a:c2,00:09:8b:02:58:ba,1547265625,-28,-28,-23.180988565890264,-23,30
00:09:8b:02:5a:c2,00:09:8b:02:58:ba,1547460937.5,-26,-26,-23.180988565890264,-23,30
00:09:8b:02:5a:c2,00:09:8b:02:58:ba,1547656250,-29,-29,-23.180988565890264,-23,30
00:09:8b:02:5a:c2,00:09:8b:02:58:ba,1547851562.5,-33,-33,-23.180988565890264,-23,30
00:09:8b:02:5a:c2,00:09:8b:02:58:ba,1548046875,-38,-38,-23.180988565890264,-23,30
00:09:8b:02:5a:c2,00:09:8b:02:58:ba,1548242187.5,-43,-43,-23.180988565890264,-23,30
00:09:8b:02:5a:c2,00:09:8b:02:58:ba,1548437500,-42,-42,-23.180988565890264,-23,30
00:09:8b:02:5a:c2,00:09:8b:02:58:ba,1548632812.5,-42,-42,-23.180988565890264,-23,30
00:09:8b:02:5a:c2,00:09:8b:02:58:ba,1548828125,-45,-45,-23.180988565890264,-23,30
00:09:8b:02:5a:c2,00:09:8b:02:58:ba,1549023437.5,-45,-45,-23.180988565890264,-23,30
00:09:8b:02:5a:c2,00:09:8b:02:58:ba,1549218750,-45,-45,-23.180988565890264,-23,30
00:09:8b:02:5a:c2,00:09:8b:02:58:ba,1549414062.5,-46,-46,-23.180988565890264,-23,30
00:09:8b:02:5a:c2,00:09:8b:02:58:ba,1549609375,-47,-47,-23.180988565890264,-23,30
00:09:8b:02:5a:c2,00:09:8b:02:58:ba,1549804687.5,-47,-47,-23.180988565890264,-23,30
00:09:8b:02:5a:c2,00:09:8b:02:58:ba,1550000000,-47,-47,-23.180988565890264,-23,30
